Source,Target,Type,Id,Label,Weight
part_id,cont_id,Directed,1000724,,1
part_id,cnt_age_exact,Directed,1000725,,1
part_id,cnt_age_est_min,Directed,1000726,,1
part_id,cnt_age_est_max,Directed,1000727,,1
part_id,cnt_gender,Directed,1000728,,1
part_id,cnt_home,Directed,1000729,,1
part_id,cnt_work,Directed,1000730,,1
part_id,cnt_school,Directed,1000731,,1
part_id,cnt_transport,Directed,1000732,,1
part_id,cnt_leisure,Directed,1000733,,1
part_id,cnt_otherplace,Directed,1000734,,1
part_id,frequency_multi,Directed,1000735,,1
part_id,phys_contact,Directed,1000736,,1
part_id,duration_multi,Directed,1000737,,1
1,1,Directed,1000738,,13
1,4,Directed,1000739,,3
1,NA,Directed,1000740,,14
1,M,Directed,1000742,,3
1,TRUE,Directed,1000743,,7
1,FALSE,Directed,1000744,,35
1,2,Directed,1000751,,5
1,6,Directed,1000753,,2
1,F,Directed,1000756,,4
1,3,Directed,1000765,,4
1,36,Directed,1000767,,1
1,32,Directed,1000781,,1
1,5,Directed,1000793,,2
1,30,Directed,1000795,,1
1,65,Directed,1000809,,1
1,7,Directed,1000822,,1
1,62,Directed,1000823,,1
2,8,Directed,1000836,,1
2,1,Directed,1000837,,16
2,NA,Directed,1000838,,31
2,F,Directed,1000840,,13
2,FALSE,Directed,1000841,,69
2,TRUE,Directed,1000846,,21
2,2,Directed,1000847,,14
2,3,Directed,1000849,,12
2,9,Directed,1000850,,1
2,10,Directed,1000864,,1
2,4,Directed,1000877,,9
2,11,Directed,1000878,,1
2,5,Directed,1000891,,2
2,12,Directed,1000892,,1
2,13,Directed,1000906,,1
2,14,Directed,1000920,,1
2,15,Directed,1000934,,1
2,16,Directed,1000948,,1
2,36,Directed,1000949,,1
2,17,Directed,1000962,,1
2,37,Directed,1000963,,1
2,M,Directed,1000966,,1
2,18,Directed,1000976,,1
2,34,Directed,1000977,,1
2,19,Directed,1000990,,1
2,35,Directed,1000991,,2
2,20,Directed,1001004,,1
2,21,Directed,1001018,,1
2,32,Directed,1001019,,1
2,22,Directed,1001032,,1
2,40,Directed,1001033,,1
3,23,Directed,1001046,,1
3,9,Directed,1001047,,2
3,NA,Directed,1001048,,19
3,M,Directed,1001050,,4
3,TRUE,Directed,1001051,,14
3,FALSE,Directed,1001052,,40
3,2,Directed,1001057,,3
3,1,Directed,1001058,,11
3,3,Directed,1001059,,2
3,24,Directed,1001060,,1
3,F,Directed,1001064,,5
3,4,Directed,1001071,,8
3,25,Directed,1001074,,2
3,6,Directed,1001075,,1
3,26,Directed,1001088,,1
3,5,Directed,1001101,,2
3,27,Directed,1001102,,1
3,28,Directed,1001103,,2
3,32,Directed,1001117,,2
3,29,Directed,1001130,,1
3,30,Directed,1001131,,2
3,31,Directed,1001158,,1
3,35,Directed,1001159,,1
4,32,Directed,1001172,,1
4,3,Directed,1001173,,2
4,NA,Directed,1001174,,16
4,M,Directed,1001176,,5
4,TRUE,Directed,1001177,,9
4,FALSE,Directed,1001178,,39
4,1,Directed,1001183,,14
4,2,Directed,1001185,,6
4,33,Directed,1001186,,2
4,5,Directed,1001187,,3
4,F,Directed,1001190,,3
4,34,Directed,1001200,,1
4,9,Directed,1001201,,1
4,35,Directed,1001214,,1
4,8,Directed,1001215,,1
4,36,Directed,1001228,,1
4,29,Directed,1001229,,1
4,37,Directed,1001242,,1
4,38,Directed,1001256,,1
4,56,Directed,1001257,,1
4,4,Directed,1001269,,1
4,39,Directed,1001270,,1
4,69,Directed,1001271,,1
5,40,Directed,1001284,,1
5,2,Directed,1001285,,2
5,NA,Directed,1001286,,8
5,M,Directed,1001288,,3
5,TRUE,Directed,1001289,,6
5,FALSE,Directed,1001290,,18
5,1,Directed,1001295,,6
5,5,Directed,1001297,,2
5,41,Directed,1001298,,1
5,35,Directed,1001299,,1
5,F,Directed,1001302,,1
5,42,Directed,1001312,,1
5,37,Directed,1001313,,1
5,4,Directed,1001325,,1
5,43,Directed,1001326,,1
5,30,Directed,1001327,,1
5,3,Directed,1001337,,2
6,44,Directed,1001340,,1
6,2,Directed,1001341,,1
6,NA,Directed,1001342,,12
6,F,Directed,1001344,,3
6,TRUE,Directed,1001345,,6
6,FALSE,Directed,1001346,,30
6,1,Directed,1001351,,9
6,5,Directed,1001353,,5
6,45,Directed,1001354,,1
6,32,Directed,1001355,,3
6,46,Directed,1001368,,1
6,31,Directed,1001369,,1
6,M,Directed,1001372,,3
6,47,Directed,1001382,,1
6,4,Directed,1001395,,4
6,48,Directed,1001396,,1
6,49,Directed,1001410,,1
6,35,Directed,1001411,,1
7,50,Directed,1001424,,1
7,30,Directed,1001425,,1
7,NA,Directed,1001426,,19
7,F,Directed,1001428,,5
7,TRUE,Directed,1001429,,10
7,FALSE,Directed,1001430,,32
7,1,Directed,1001435,,5
7,5,Directed,1001437,,2
7,51,Directed,1001438,,1
7,33,Directed,1001439,,1
7,M,Directed,1001442,,2
7,52,Directed,1001452,,1
7,2,Directed,1001463,,7
7,3,Directed,1001465,,7
7,53,Directed,1001466,,1
7,54,Directed,1001480,,1
7,55,Directed,1001494,,1
7,56,Directed,1001508,,1
8,57,Directed,1001522,,1
8,16,Directed,1001523,,1
8,NA,Directed,1001524,,8
8,F,Directed,1001526,,3
8,TRUE,Directed,1001527,,4
8,FALSE,Directed,1001528,,20
8,1,Directed,1001533,,8
8,5,Directed,1001535,,4
8,58,Directed,1001536,,1
8,11,Directed,1001537,,1
8,59,Directed,1001550,,1
8,36,Directed,1001551,,1
8,M,Directed,1001554,,1
8,60,Directed,1001564,,1
8,39,Directed,1001565,,1
9,61,Directed,1001578,,1
9,4,Directed,1001579,,12
9,NA,Directed,1001580,,26
9,M,Directed,1001582,,5
9,FALSE,Directed,1001583,,65
9,TRUE,Directed,1001588,,13
9,2,Directed,1001589,,7
9,1,Directed,1001590,,17
9,62,Directed,1001592,,1
9,5,Directed,1001593,,3
9,F,Directed,1001596,,8
9,3,Directed,1001603,,2
9,63,Directed,1001606,,1
9,18,Directed,1001607,,1
9,64,Directed,1001620,,1
9,25,Directed,1001621,,2
9,65,Directed,1001634,,1
9,66,Directed,1001648,,1
9,28,Directed,1001649,,1
9,67,Directed,1001662,,1
9,21,Directed,1001663,,1
9,68,Directed,1001676,,1
9,30,Directed,1001677,,1
9,69,Directed,1001690,,1
9,50,Directed,1001691,,1
9,70,Directed,1001704,,1
9,60,Directed,1001705,,1
9,71,Directed,1001718,,1
9,55,Directed,1001719,,1
9,72,Directed,1001732,,1
9,42,Directed,1001733,,1
9,73,Directed,1001746,,1
9,47,Directed,1001747,,1
10,74,Directed,1001760,,1
10,28,Directed,1001761,,1
10,NA,Directed,1001762,,19
10,M,Directed,1001764,,2
10,TRUE,Directed,1001765,,9
10,FALSE,Directed,1001766,,45
10,1,Directed,1001771,,9
10,5,Directed,1001773,,2
10,75,Directed,1001774,,1
10,40,Directed,1001775,,1
10,F,Directed,1001778,,7
10,4,Directed,1001785,,6
10,2,Directed,1001787,,9
10,76,Directed,1001788,,1
10,45,Directed,1001789,,1
10,77,Directed,1001802,,1
10,41,Directed,1001803,,1
10,78,Directed,1001816,,1
10,62,Directed,1001817,,1
10,79,Directed,1001830,,1
10,50,Directed,1001831,,1
10,3,Directed,1001841,,1
10,80,Directed,1001844,,1
10,92,Directed,1001845,,1
10,81,Directed,1001858,,1
10,89,Directed,1001859,,1
10,82,Directed,1001872,,1
11,83,Directed,1001886,,1
11,32,Directed,1001887,,1
11,NA,Directed,1001888,,6
11,F,Directed,1001890,,2
11,TRUE,Directed,1001891,,3
11,FALSE,Directed,1001892,,15
11,1,Directed,1001897,,6
11,5,Directed,1001899,,2
11,84,Directed,1001900,,1
11,31,Directed,1001901,,1
11,M,Directed,1001904,,1
11,4,Directed,1001913,,1
11,85,Directed,1001914,,1
11,65,Directed,1001915,,1
12,86,Directed,1001928,,1
12,23,Directed,1001929,,1
12,NA,Directed,1001930,,21
12,F,Directed,1001932,,8
12,TRUE,Directed,1001933,,14
12,FALSE,Directed,1001934,,46
12,1,Directed,1001939,,13
12,5,Directed,1001941,,5
12,87,Directed,1001942,,1
12,22,Directed,1001943,,1
12,M,Directed,1001946,,2
12,88,Directed,1001956,,1
12,39,Directed,1001957,,1
12,2,Directed,1001968,,4
12,4,Directed,1001969,,4
12,89,Directed,1001970,,1
12,35,Directed,1001971,,1
12,3,Directed,1001981,,3
12,90,Directed,1001984,,1
12,69,Directed,1001985,,1
12,91,Directed,1001998,,1
12,45,Directed,1001999,,1
12,92,Directed,1002012,,1
12,64,Directed,1002013,,1
12,93,Directed,1002026,,1
12,56,Directed,1002027,,1
12,94,Directed,1002040,,1
12,40,Directed,1002041,,1
12,95,Directed,1002054,,1
12,52,Directed,1002055,,1
13,96,Directed,1002068,,1
13,30,Directed,1002069,,1
13,NA,Directed,1002070,,12
13,F,Directed,1002072,,4
13,TRUE,Directed,1002073,,6
13,FALSE,Directed,1002074,,30
13,1,Directed,1002079,,10
13,5,Directed,1002081,,3
13,97,Directed,1002082,,1
13,37,Directed,1002083,,1
13,M,Directed,1002086,,2
13,98,Directed,1002096,,1
13,60,Directed,1002097,,2
13,99,Directed,1002110,,1
13,4,Directed,1002123,,4
13,100,Directed,1002124,,1
13,89,Directed,1002125,,1
13,2,Directed,1002135,,1
13,101,Directed,1002138,,1
13,72,Directed,1002139,,1
14,102,Directed,1002152,,1
14,1,Directed,1002153,,8
14,NA,Directed,1002154,,12
14,M,Directed,1002156,,4
14,TRUE,Directed,1002157,,6
14,FALSE,Directed,1002158,,30
14,3,Directed,1002163,,2
14,4,Directed,1002165,,2
14,103,Directed,1002166,,1
14,5,Directed,1002167,,4
14,104,Directed,1002180,,1
14,6,Directed,1002181,,1
14,2,Directed,1002192,,4
14,105,Directed,1002194,,1
14,36,Directed,1002195,,1
14,106,Directed,1002208,,1
14,35,Directed,1002209,,1
14,F,Directed,1002212,,2
14,107,Directed,1002222,,1
14,37,Directed,1002223,,1
15,108,Directed,1002236,,1
15,2,Directed,1002237,,6
15,NA,Directed,1002238,,10
15,M,Directed,1002240,,3
15,TRUE,Directed,1002241,,6
15,FALSE,Directed,1002242,,30
15,1,Directed,1002247,,9
15,5,Directed,1002249,,3
15,109,Directed,1002250,,1
15,4,Directed,1002251,,2
15,110,Directed,1002264,,1
15,34,Directed,1002265,,2
15,F,Directed,1002268,,3
15,111,Directed,1002278,,1
15,112,Directed,1002292,,1
15,20,Directed,1002294,,2
15,100,Directed,1002295,,2
15,113,Directed,1002306,,1
16,114,Directed,1002320,,1
16,2,Directed,1002321,,6
16,NA,Directed,1002322,,21
16,F,Directed,1002324,,5
16,FALSE,Directed,1002325,,46
16,TRUE,Directed,1002329,,14
16,5,Directed,1002331,,7
16,1,Directed,1002333,,14
16,115,Directed,1002334,,1
16,M,Directed,1002338,,5
16,116,Directed,1002348,,1
16,3,Directed,1002359,,4
16,4,Directed,1002361,,4
16,117,Directed,1002362,,1
16,118,Directed,1002376,,1
16,119,Directed,1002390,,1
16,120,Directed,1002404,,1
16,39,Directed,1002405,,2
16,121,Directed,1002418,,1
16,122,Directed,1002432,,1
16,35,Directed,1002433,,1
16,123,Directed,1002446,,1
16,40,Directed,1002447,,1
17,124,Directed,1002460,,1
17,3,Directed,1002461,,2
17,NA,Directed,1002462,,14
17,M,Directed,1002464,,3
17,TRUE,Directed,1002465,,14
17,FALSE,Directed,1002466,,22
17,1,Directed,1002471,,11
17,5,Directed,1002473,,7
17,125,Directed,1002474,,1
17,126,Directed,1002488,,1
17,41,Directed,1002489,,1
17,F,Directed,1002492,,3
17,127,Directed,1002502,,1
17,44,Directed,1002503,,1
17,128,Directed,1002516,,1
17,129,Directed,1002530,,1
18,130,Directed,1002544,,1
18,1,Directed,1002545,,17
18,NA,Directed,1002546,,32
18,M,Directed,1002548,,7
18,FALSE,Directed,1002549,,62
18,TRUE,Directed,1002554,,28
18,2,Directed,1002555,,10
18,3,Directed,1002557,,7
18,131,Directed,1002558,,1
18,F,Directed,1002562,,8
18,4,Directed,1002571,,10
18,132,Directed,1002572,,1
18,5,Directed,1002585,,4
18,133,Directed,1002586,,1
18,134,Directed,1002600,,1
18,135,Directed,1002614,,1
18,33,Directed,1002615,,3
18,136,Directed,1002628,,1
18,37,Directed,1002629,,1
18,137,Directed,1002642,,1
18,35,Directed,1002643,,1
18,138,Directed,1002656,,1
18,139,Directed,1002670,,1
18,140,Directed,1002684,,1
18,41,Directed,1002685,,1
18,141,Directed,1002698,,1
18,45,Directed,1002699,,1
18,142,Directed,1002712,,1
18,50,Directed,1002713,,1
18,143,Directed,1002726,,1
18,70,Directed,1002727,,1
18,144,Directed,1002740,,1
18,63,Directed,1002741,,1
19,145,Directed,1002754,,1
19,2,Directed,1002755,,12
19,NA,Directed,1002756,,30
19,M,Directed,1002758,,6
19,TRUE,Directed,1002759,,20
19,FALSE,Directed,1002760,,70
19,1,Directed,1002766,,19
19,4,Directed,1002767,,5
19,146,Directed,1002768,,1
19,3,Directed,1002769,,7
19,F,Directed,1002772,,9
19,5,Directed,1002781,,4
19,147,Directed,1002782,,1
19,148,Directed,1002796,,1
19,32,Directed,1002797,,1
19,149,Directed,1002810,,1
19,21,Directed,1002811,,1
19,150,Directed,1002824,,1
19,25,Directed,1002825,,1
19,151,Directed,1002838,,1
19,26,Directed,1002839,,1
19,152,Directed,1002852,,1
19,29,Directed,1002853,,2
19,153,Directed,1002866,,1
19,154,Directed,1002880,,1
19,40,Directed,1002881,,2
19,155,Directed,1002894,,1
19,30,Directed,1002896,,1
19,100,Directed,1002897,,2
19,156,Directed,1002908,,1
19,157,Directed,1002922,,1
19,44,Directed,1002923,,2
19,158,Directed,1002936,,1
19,159,Directed,1002950,,1
20,160,Directed,1002964,,1
20,2,Directed,1002965,,4
20,NA,Directed,1002966,,19
20,M,Directed,1002968,,5
20,TRUE,Directed,1002969,,14
20,FALSE,Directed,1002970,,40
20,1,Directed,1002975,,13
20,5,Directed,1002977,,6
20,161,Directed,1002978,,1
20,14,Directed,1002979,,1
20,4,Directed,1002991,,5
20,162,Directed,1002992,,1
20,33,Directed,1002993,,1
20,F,Directed,1002996,,4
20,163,Directed,1003006,,1
20,34,Directed,1003007,,1
20,164,Directed,1003020,,1
20,30,Directed,1003021,,1
20,165,Directed,1003034,,1
20,27,Directed,1003035,,1
20,166,Directed,1003048,,1
20,52,Directed,1003049,,1
20,167,Directed,1003062,,1
20,42,Directed,1003063,,1
20,168,Directed,1003076,,1
21,169,Directed,1003090,,1
21,2,Directed,1003091,,4
21,NA,Directed,1003092,,15
21,M,Directed,1003094,,3
21,TRUE,Directed,1003095,,7
21,FALSE,Directed,1003096,,29
21,1,Directed,1003101,,9
21,4,Directed,1003103,,2
21,170,Directed,1003104,,1
21,39,Directed,1003105,,1
21,F,Directed,1003108,,3
21,5,Directed,1003117,,1
21,171,Directed,1003118,,1
21,37,Directed,1003119,,1
21,172,Directed,1003132,,1
21,3,Directed,1003143,,3
21,173,Directed,1003146,,1
21,174,Directed,1003160,,1
22,175,Directed,1003174,,1
22,1,Directed,1003175,,12
22,NA,Directed,1003176,,17
22,M,Directed,1003178,,4
22,TRUE,Directed,1003179,,10
22,FALSE,Directed,1003180,,32
22,5,Directed,1003187,,6
22,176,Directed,1003188,,1
22,F,Directed,1003192,,3
22,4,Directed,1003201,,3
22,177,Directed,1003202,,1
22,36,Directed,1003203,,1
22,178,Directed,1003216,,1
22,40,Directed,1003217,,1
22,179,Directed,1003230,,1
22,2,Directed,1003242,,2
22,180,Directed,1003244,,1
22,181,Directed,1003258,,1
23,182,Directed,1003272,,1
23,37,Directed,1003273,,1
23,NA,Directed,1003274,,23
23,M,Directed,1003276,,3
23,TRUE,Directed,1003277,,9
23,FALSE,Directed,1003278,,45
23,1,Directed,1003283,,15
23,4,Directed,1003285,,8
23,183,Directed,1003286,,1
23,25,Directed,1003287,,1
23,F,Directed,1003290,,6
23,184,Directed,1003300,,1
23,31,Directed,1003301,,1
23,185,Directed,1003314,,1
23,18,Directed,1003315,,1
23,186,Directed,1003328,,1
23,5,Directed,1003341,,1
23,187,Directed,1003342,,1
23,188,Directed,1003356,,1
23,2,Directed,1003367,,3
23,189,Directed,1003370,,1
23,190,Directed,1003384,,1
24,191,Directed,1003398,,1
24,34,Directed,1003399,,2
24,NA,Directed,1003400,,17
24,F,Directed,1003402,,5
24,FALSE,Directed,1003403,,40
24,TRUE,Directed,1003407,,8
24,1,Directed,1003409,,10
24,5,Directed,1003411,,4
24,192,Directed,1003412,,1
24,37,Directed,1003413,,1
24,M,Directed,1003416,,3
24,193,Directed,1003426,,1
24,4,Directed,1003439,,6
24,194,Directed,1003440,,1
24,62,Directed,1003441,,1
24,2,Directed,1003451,,3
24,195,Directed,1003454,,1
24,65,Directed,1003455,,1
24,196,Directed,1003468,,1
24,63,Directed,1003469,,1
24,197,Directed,1003482,,1
24,60,Directed,1003483,,1
24,3,Directed,1003493,,1
24,198,Directed,1003496,,1
25,199,Directed,1003510,,1
25,26,Directed,1003511,,1
25,NA,Directed,1003512,,13
25,F,Directed,1003514,,3
25,TRUE,Directed,1003515,,9
25,FALSE,Directed,1003516,,21
25,1,Directed,1003521,,6
25,5,Directed,1003523,,2
25,200,Directed,1003524,,1
25,27,Directed,1003525,,1
25,M,Directed,1003528,,2
25,201,Directed,1003538,,1
25,3,Directed,1003549,,2
25,2,Directed,1003550,,4
25,202,Directed,1003552,,1
25,203,Directed,1003566,,1
25,4,Directed,1003577,,1
26,204,Directed,1003580,,1
26,32,Directed,1003581,,2
26,NA,Directed,1003582,,18
26,F,Directed,1003584,,3
26,TRUE,Directed,1003585,,12
26,FALSE,Directed,1003586,,42
26,1,Directed,1003591,,12
26,5,Directed,1003593,,3
26,205,Directed,1003594,,1
26,M,Directed,1003598,,6
26,4,Directed,1003607,,4
26,206,Directed,1003608,,1
26,31,Directed,1003609,,1
26,3,Directed,1003619,,1
26,207,Directed,1003622,,1
26,36,Directed,1003623,,1
26,2,Directed,1003634,,7
26,208,Directed,1003636,,1
26,25,Directed,1003637,,1
26,209,Directed,1003650,,1
26,56,Directed,1003651,,1
26,210,Directed,1003664,,1
26,58,Directed,1003665,,1
26,211,Directed,1003678,,1
26,61,Directed,1003679,,1
26,212,Directed,1003692,,1
26,85,Directed,1003693,,1
27,213,Directed,1003706,,1
27,44,Directed,1003707,,1
27,NA,Directed,1003708,,8
27,F,Directed,1003710,,2
27,TRUE,Directed,1003711,,3
27,FALSE,Directed,1003712,,15
27,1,Directed,1003717,,5
27,214,Directed,1003720,,1
27,40,Directed,1003721,,1
27,M,Directed,1003724,,1
27,215,Directed,1003734,,1
27,45,Directed,1003735,,1
27,5,Directed,1003745,,1
27,2,Directed,1003746,,1
28,216,Directed,1003748,,1
28,36,Directed,1003749,,1
28,NA,Directed,1003750,,4
28,F,Directed,1003752,,2
28,TRUE,Directed,1003753,,3
28,FALSE,Directed,1003754,,9
28,1,Directed,1003759,,3
28,5,Directed,1003761,,1
28,217,Directed,1003762,,1
28,50,Directed,1003763,,1
28,4,Directed,1003773,,1
28,3,Directed,1003775,,1
29,218,Directed,1003776,,1
29,29,Directed,1003777,,1
29,NA,Directed,1003778,,10
29,M,Directed,1003780,,2
29,TRUE,Directed,1003781,,5
29,FALSE,Directed,1003782,,25
29,1,Directed,1003787,,7
29,5,Directed,1003789,,3
29,219,Directed,1003790,,1
29,27,Directed,1003791,,1
29,F,Directed,1003794,,3
29,2,Directed,1003801,,3
29,3,Directed,1003803,,2
29,220,Directed,1003804,,1
29,30,Directed,1003805,,1
29,221,Directed,1003818,,1
29,50,Directed,1003819,,1
29,222,Directed,1003832,,1
29,40,Directed,1003833,,1
30,223,Directed,1003846,,1
30,8,Directed,1003847,,3
30,NA,Directed,1003848,,45
30,M,Directed,1003850,,8
30,TRUE,Directed,1003851,,19
30,FALSE,Directed,1003852,,95
30,1,Directed,1003857,,19
30,5,Directed,1003859,,10
30,224,Directed,1003860,,1
30,6,Directed,1003861,,1
30,225,Directed,1003874,,1
30,2,Directed,1003885,,16
30,226,Directed,1003888,,1
30,227,Directed,1003902,,1
30,39,Directed,1003903,,1
30,228,Directed,1003916,,1
30,35,Directed,1003917,,2
30,F,Directed,1003920,,10
30,4,Directed,1003927,,7
30,3,Directed,1003929,,5
30,229,Directed,1003930,,1
30,230,Directed,1003944,,1
30,59,Directed,1003945,,1
30,231,Directed,1003958,,1
30,64,Directed,1003959,,1
30,232,Directed,1003972,,1
30,86,Directed,1003973,,1
30,233,Directed,1003986,,1
30,61,Directed,1003987,,1
30,234,Directed,1004000,,1
30,60,Directed,1004001,,1
30,235,Directed,1004014,,1
30,40,Directed,1004015,,1
30,236,Directed,1004028,,1
30,237,Directed,1004042,,1
30,238,Directed,1004056,,1
30,239,Directed,1004070,,1
30,240,Directed,1004084,,1
30,241,Directed,1004098,,1
31,242,Directed,1004112,,1
31,1,Directed,1004113,,14
31,NA,Directed,1004114,,27
31,F,Directed,1004116,,7
31,FALSE,Directed,1004117,,57
31,TRUE,Directed,1004121,,15
31,2,Directed,1004123,,10
31,4,Directed,1004125,,10
31,243,Directed,1004126,,1
31,M,Directed,1004130,,5
31,5,Directed,1004139,,4
31,244,Directed,1004140,,1
31,30,Directed,1004141,,2
31,245,Directed,1004154,,1
31,33,Directed,1004155,,1
31,246,Directed,1004168,,1
31,247,Directed,1004182,,1
31,31,Directed,1004183,,2
31,248,Directed,1004196,,1
31,24,Directed,1004197,,1
31,249,Directed,1004210,,1
31,250,Directed,1004224,,1
31,27,Directed,1004225,,1
31,251,Directed,1004238,,1
31,252,Directed,1004252,,1
31,253,Directed,1004266,,1
32,254,Directed,1004280,,1
32,2,Directed,1004281,,2
32,NA,Directed,1004282,,21
32,F,Directed,1004284,,5
32,TRUE,Directed,1004285,,11
32,FALSE,Directed,1004286,,43
32,1,Directed,1004291,,12
32,5,Directed,1004293,,3
32,255,Directed,1004294,,1
32,10,Directed,1004295,,1
32,M,Directed,1004298,,4
32,4,Directed,1004305,,8
32,256,Directed,1004308,,1
32,24,Directed,1004309,,1
32,257,Directed,1004322,,1
32,23,Directed,1004323,,1
32,258,Directed,1004336,,1
32,21,Directed,1004337,,2
32,3,Directed,1004347,,2
32,259,Directed,1004350,,1
32,260,Directed,1004364,,1
32,62,Directed,1004365,,1
32,261,Directed,1004378,,1
32,262,Directed,1004392,,1
33,263,Directed,1004406,,1
33,2,Directed,1004407,,6
33,NA,Directed,1004408,,20
33,F,Directed,1004410,,7
33,TRUE,Directed,1004411,,10
33,FALSE,Directed,1004412,,50
33,1,Directed,1004417,,16
33,5,Directed,1004419,,6
33,264,Directed,1004420,,1
33,6,Directed,1004421,,1
33,M,Directed,1004424,,3
33,265,Directed,1004434,,1
33,37,Directed,1004435,,1
33,266,Directed,1004448,,1
33,38,Directed,1004449,,1
33,4,Directed,1004459,,2
33,267,Directed,1004462,,1
33,44,Directed,1004463,,1
33,268,Directed,1004476,,1
33,60,Directed,1004477,,1
33,269,Directed,1004490,,1
33,65,Directed,1004491,,1
33,270,Directed,1004504,,1
33,68,Directed,1004505,,1
33,3,Directed,1004517,,1
33,271,Directed,1004518,,1
33,69,Directed,1004519,,1
33,272,Directed,1004532,,1
33,42,Directed,1004533,,1
34,273,Directed,1004546,,1
34,23,Directed,1004547,,1
34,NA,Directed,1004548,,4
34,F,Directed,1004550,,1
34,TRUE,Directed,1004551,,2
34,FALSE,Directed,1004552,,10
34,1,Directed,1004557,,4
34,5,Directed,1004559,,2
34,274,Directed,1004560,,1
34,24,Directed,1004561,,1
34,M,Directed,1004564,,1
35,275,Directed,1004574,,1
35,25,Directed,1004575,,2
35,NA,Directed,1004576,,12
35,F,Directed,1004578,,4
35,TRUE,Directed,1004579,,6
35,FALSE,Directed,1004580,,30
35,1,Directed,1004585,,9
35,5,Directed,1004587,,3
35,276,Directed,1004588,,1
35,32,Directed,1004589,,1
35,M,Directed,1004592,,2
35,277,Directed,1004602,,1
35,4,Directed,1004613,,4
35,278,Directed,1004616,,1
35,49,Directed,1004617,,1
35,279,Directed,1004630,,1
35,50,Directed,1004632,,1
35,100,Directed,1004633,,1
35,2,Directed,1004643,,2
35,280,Directed,1004644,,1
36,281,Directed,1004658,,1
36,38,Directed,1004659,,1
36,NA,Directed,1004660,,12
36,M,Directed,1004662,,1
36,TRUE,Directed,1004663,,5
36,FALSE,Directed,1004664,,25
36,1,Directed,1004669,,9
36,4,Directed,1004671,,2
36,282,Directed,1004672,,1
36,67,Directed,1004673,,1
36,F,Directed,1004676,,4
36,283,Directed,1004686,,1
36,41,Directed,1004687,,1
36,5,Directed,1004699,,3
36,284,Directed,1004700,,1
36,285,Directed,1004714,,1
36,2,Directed,1004725,,1
37,286,Directed,1004728,,1
37,30,Directed,1004729,,2
37,NA,Directed,1004730,,24
37,F,Directed,1004732,,8
37,TRUE,Directed,1004733,,9
37,FALSE,Directed,1004734,,45
37,1,Directed,1004739,,4
37,5,Directed,1004741,,4
37,287,Directed,1004742,,1
37,M,Directed,1004746,,1
37,288,Directed,1004756,,1
37,32,Directed,1004757,,1
37,2,Directed,1004767,,12
37,4,Directed,1004769,,7
37,289,Directed,1004770,,1
37,290,Directed,1004784,,1
37,291,Directed,1004798,,1
37,292,Directed,1004812,,1
37,293,Directed,1004826,,1
37,294,Directed,1004840,,1
38,295,Directed,1004854,,1
38,29,Directed,1004855,,1
38,NA,Directed,1004856,,10
38,F,Directed,1004858,,3
38,TRUE,Directed,1004859,,6
38,FALSE,Directed,1004860,,24
38,1,Directed,1004865,,7
38,5,Directed,1004867,,2
38,296,Directed,1004868,,1
38,28,Directed,1004869,,1
38,M,Directed,1004872,,2
38,297,Directed,1004882,,1
38,26,Directed,1004883,,1
38,3,Directed,1004893,,1
38,4,Directed,1004895,,3
38,298,Directed,1004896,,1
38,71,Directed,1004897,,1
38,2,Directed,1004907,,2
38,299,Directed,1004910,,1
38,70,Directed,1004911,,1
39,300,Directed,1004924,,1
39,2,Directed,1004925,,4
39,NA,Directed,1004926,,17
39,M,Directed,1004928,,1
39,FALSE,Directed,1004929,,39
39,TRUE,Directed,1004934,,9
39,4,Directed,1004935,,7
39,1,Directed,1004936,,8
39,301,Directed,1004938,,1
39,18,Directed,1004939,,1
39,F,Directed,1004942,,7
39,3,Directed,1004951,,4
39,302,Directed,1004952,,1
39,20,Directed,1004953,,2
39,5,Directed,1004965,,2
39,303,Directed,1004966,,1
39,304,Directed,1004980,,1
39,24,Directed,1004981,,2
39,305,Directed,1004994,,1
39,306,Directed,1005008,,1
39,47,Directed,1005009,,1
39,307,Directed,1005022,,1
40,308,Directed,1005036,,1
40,3,Directed,1005037,,1
40,NA,Directed,1005038,,10
40,M,Directed,1005040,,3
40,TRUE,Directed,1005041,,5
40,FALSE,Directed,1005042,,25
40,1,Directed,1005047,,9
40,5,Directed,1005049,,3
40,309,Directed,1005050,,1
40,25,Directed,1005051,,1
40,F,Directed,1005054,,2
40,310,Directed,1005064,,1
40,34,Directed,1005065,,1
40,311,Directed,1005078,,1
40,54,Directed,1005079,,1
40,4,Directed,1005091,,2
40,312,Directed,1005092,,1
40,52,Directed,1005093,,1
40,2,Directed,1005103,,1
41,313,Directed,1005106,,1
41,6,Directed,1005107,,1
41,NA,Directed,1005108,,6
41,F,Directed,1005110,,2
41,TRUE,Directed,1005111,,4
41,FALSE,Directed,1005112,,14
41,1,Directed,1005117,,6
41,5,Directed,1005119,,3
41,314,Directed,1005120,,1
41,35,Directed,1005121,,1
41,315,Directed,1005134,,1
41,33,Directed,1005135,,1
41,M,Directed,1005138,,1
42,316,Directed,1005148,,1
42,2,Directed,1005149,,9
42,NA,Directed,1005150,,27
42,M,Directed,1005152,,5
42,TRUE,Directed,1005153,,13
42,FALSE,Directed,1005154,,65
42,1,Directed,1005159,,20
42,5,Directed,1005161,,7
42,317,Directed,1005162,,1
42,F,Directed,1005166,,8
42,318,Directed,1005176,,1
42,319,Directed,1005190,,1
42,4,Directed,1005191,,2
42,320,Directed,1005204,,1
42,321,Directed,1005218,,1
42,31,Directed,1005219,,2
42,322,Directed,1005232,,1
42,24,Directed,1005233,,1
42,3,Directed,1005245,,6
42,323,Directed,1005246,,1
42,324,Directed,1005260,,1
42,26,Directed,1005261,,1
42,325,Directed,1005274,,1
42,45,Directed,1005275,,1
42,326,Directed,1005288,,1
42,62,Directed,1005289,,2
42,327,Directed,1005302,,1
42,328,Directed,1005316,,1
43,329,Directed,1005330,,1
43,3,Directed,1005331,,1
43,NA,Directed,1005332,,6
43,M,Directed,1005334,,2
43,TRUE,Directed,1005335,,5
43,FALSE,Directed,1005336,,13
43,1,Directed,1005341,,6
43,5,Directed,1005343,,3
43,330,Directed,1005344,,1
43,28,Directed,1005345,,1
43,F,Directed,1005348,,1
43,331,Directed,1005358,,1
43,30,Directed,1005359,,1
44,332,Directed,1005372,,1
44,23,Directed,1005373,,1
44,NA,Directed,1005374,,8
44,F,Directed,1005376,,2
44,TRUE,Directed,1005377,,7
44,FALSE,Directed,1005378,,17
44,1,Directed,1005383,,6
44,5,Directed,1005385,,1
44,333,Directed,1005386,,1
44,25,Directed,1005387,,1
44,M,Directed,1005390,,2
44,3,Directed,1005399,,1
44,334,Directed,1005400,,1
44,52,Directed,1005401,,1
44,2,Directed,1005411,,2
44,4,Directed,1005413,,2
44,335,Directed,1005414,,1
44,55,Directed,1005415,,1
45,336,Directed,1005428,,1
45,2,Directed,1005429,,1
45,NA,Directed,1005430,,12
45,F,Directed,1005432,,3
45,TRUE,Directed,1005433,,8
45,FALSE,Directed,1005434,,28
45,1,Directed,1005439,,11
45,5,Directed,1005441,,4
45,337,Directed,1005442,,1
45,28,Directed,1005443,,1
45,338,Directed,1005456,,1
45,34,Directed,1005457,,1
45,M,Directed,1005460,,3
45,339,Directed,1005470,,1
45,71,Directed,1005471,,1
45,4,Directed,1005483,,2
45,340,Directed,1005484,,1
45,66,Directed,1005485,,1
45,341,Directed,1005498,,1
45,45,Directed,1005499,,1
45,3,Directed,1005511,,1
46,342,Directed,1005512,,1
46,7,Directed,1005513,,1
46,NA,Directed,1005514,,6
46,M,Directed,1005516,,2
46,TRUE,Directed,1005517,,3
46,FALSE,Directed,1005518,,15
46,1,Directed,1005523,,6
46,4,Directed,1005525,,1
46,343,Directed,1005526,,1
46,32,Directed,1005527,,2
46,F,Directed,1005530,,1
46,5,Directed,1005539,,2
46,344,Directed,1005540,,1
47,345,Directed,1005554,,1
47,23,Directed,1005555,,2
47,NA,Directed,1005556,,8
47,F,Directed,1005558,,3
47,TRUE,Directed,1005559,,4
47,FALSE,Directed,1005560,,20
47,1,Directed,1005565,,6
47,5,Directed,1005567,,1
47,346,Directed,1005568,,1
47,28,Directed,1005569,,1
47,M,Directed,1005572,,1
47,4,Directed,1005581,,3
47,347,Directed,1005582,,1
47,3,Directed,1005593,,2
47,348,Directed,1005596,,1
47,41,Directed,1005597,,1
48,349,Directed,1005610,,1
48,1,Directed,1005611,,7
48,NA,Directed,1005612,,15
48,M,Directed,1005614,,2
48,FALSE,Directed,1005615,,28
48,TRUE,Directed,1005619,,8
48,2,Directed,1005621,,8
48,350,Directed,1005624,,1
48,37,Directed,1005625,,1
48,F,Directed,1005628,,4
48,5,Directed,1005637,,1
48,351,Directed,1005638,,1
48,55,Directed,1005639,,1
48,4,Directed,1005651,,1
48,352,Directed,1005652,,1
48,353,Directed,1005666,,1
48,3,Directed,1005679,,2
48,354,Directed,1005680,,1
49,355,Directed,1005694,,1
49,2,Directed,1005695,,6
49,NA,Directed,1005696,,26
49,M,Directed,1005698,,7
49,FALSE,Directed,1005699,,65
49,TRUE,Directed,1005704,,13
49,3,Directed,1005705,,6
49,1,Directed,1005706,,10
49,4,Directed,1005707,,15
49,356,Directed,1005708,,1
49,6,Directed,1005709,,1
49,357,Directed,1005722,,1
49,15,Directed,1005723,,1
49,F,Directed,1005726,,6
49,358,Directed,1005736,,1
49,22,Directed,1005737,,1
49,5,Directed,1005749,,3
49,359,Directed,1005750,,1
49,24,Directed,1005751,,3
49,360,Directed,1005764,,1
49,361,Directed,1005778,,1
49,20,Directed,1005779,,1
49,362,Directed,1005792,,1
49,27,Directed,1005793,,1
49,363,Directed,1005806,,1
49,364,Directed,1005820,,1
49,25,Directed,1005821,,1
49,365,Directed,1005834,,1
49,28,Directed,1005835,,1
49,366,Directed,1005848,,1
49,45,Directed,1005849,,1
49,367,Directed,1005862,,1
49,47,Directed,1005863,,1
50,368,Directed,1005876,,1
50,25,Directed,1005877,,2
50,NA,Directed,1005878,,16
50,F,Directed,1005880,,4
50,TRUE,Directed,1005881,,11
50,FALSE,Directed,1005882,,37
50,1,Directed,1005887,,13
50,5,Directed,1005889,,2
50,369,Directed,1005890,,1
50,M,Directed,1005894,,4
50,370,Directed,1005904,,1
50,20,Directed,1005905,,1
50,4,Directed,1005917,,4
50,371,Directed,1005918,,1
50,24,Directed,1005919,,1
50,3,Directed,1005929,,3
50,372,Directed,1005932,,1
50,32,Directed,1005933,,1
50,373,Directed,1005946,,1
50,48,Directed,1005947,,1
50,374,Directed,1005960,,1
50,55,Directed,1005961,,2
50,2,Directed,1005971,,2
50,375,Directed,1005974,,1
51,376,Directed,1005988,,1
51,29,Directed,1005989,,3
51,NA,Directed,1005990,,6
51,F,Directed,1005992,,2
51,TRUE,Directed,1005993,,3
51,FALSE,Directed,1005994,,15
51,1,Directed,1005999,,5
51,5,Directed,1006001,,3
51,377,Directed,1006002,,1
51,M,Directed,1006006,,1
51,378,Directed,1006016,,1
51,4,Directed,1006027,,1
52,379,Directed,1006030,,1
52,32,Directed,1006031,,1
52,NA,Directed,1006032,,4
52,M,Directed,1006034,,1
52,TRUE,Directed,1006035,,2
52,FALSE,Directed,1006036,,10
52,1,Directed,1006041,,4
52,5,Directed,1006043,,2
52,380,Directed,1006044,,1
52,33,Directed,1006045,,1
52,F,Directed,1006048,,1
53,381,Directed,1006058,,1
53,19,Directed,1006059,,1
53,NA,Directed,1006060,,6
53,F,Directed,1006062,,2
53,TRUE,Directed,1006063,,3
53,FALSE,Directed,1006064,,15
53,1,Directed,1006069,,6
53,5,Directed,1006071,,1
53,382,Directed,1006072,,1
53,52,Directed,1006073,,1
53,4,Directed,1006085,,2
53,383,Directed,1006086,,1
53,51,Directed,1006087,,1
53,M,Directed,1006090,,1
54,384,Directed,1006100,,1
54,27,Directed,1006101,,1
54,NA,Directed,1006102,,10
54,F,Directed,1006104,,3
54,TRUE,Directed,1006105,,6
54,FALSE,Directed,1006106,,24
54,1,Directed,1006111,,8
54,5,Directed,1006113,,4
54,385,Directed,1006114,,1
54,29,Directed,1006115,,1
54,M,Directed,1006118,,2
54,386,Directed,1006128,,1
54,37,Directed,1006129,,1
54,2,Directed,1006141,,1
54,387,Directed,1006142,,1
54,25,Directed,1006143,,1
54,4,Directed,1006153,,2
54,388,Directed,1006156,,1
54,32,Directed,1006157,,1
55,389,Directed,1006170,,1
55,29,Directed,1006171,,1
55,NA,Directed,1006172,,8
55,F,Directed,1006174,,3
55,TRUE,Directed,1006175,,4
55,FALSE,Directed,1006176,,20
55,1,Directed,1006181,,6
55,5,Directed,1006183,,2
55,390,Directed,1006184,,1
55,31,Directed,1006185,,1
55,M,Directed,1006188,,1
55,391,Directed,1006198,,1
55,38,Directed,1006199,,1
55,3,Directed,1006209,,2
55,2,Directed,1006211,,2
55,392,Directed,1006212,,1
55,57,Directed,1006213,,1
56,393,Directed,1006226,,1
56,66,Directed,1006227,,1
56,NA,Directed,1006228,,4
56,F,Directed,1006230,,2
56,TRUE,Directed,1006231,,6
56,FALSE,Directed,1006232,,6
56,1,Directed,1006237,,4
56,5,Directed,1006239,,2
56,394,Directed,1006240,,1
56,42,Directed,1006241,,1
57,395,Directed,1006254,,1
57,3,Directed,1006255,,1
57,NA,Directed,1006256,,8
57,F,Directed,1006258,,3
57,TRUE,Directed,1006259,,4
57,FALSE,Directed,1006260,,20
57,1,Directed,1006265,,7
57,5,Directed,1006267,,4
57,396,Directed,1006268,,1
57,38,Directed,1006269,,2
57,M,Directed,1006272,,1
57,397,Directed,1006282,,1
57,398,Directed,1006296,,1
57,60,Directed,1006297,,1
57,2,Directed,1006308,,1
58,399,Directed,1006310,,1
58,2,Directed,1006311,,14
58,NA,Directed,1006312,,41
58,M,Directed,1006314,,5
58,TRUE,Directed,1006315,,19
58,FALSE,Directed,1006316,,71
58,1,Directed,1006321,,17
58,5,Directed,1006323,,8
58,400,Directed,1006324,,1
58,3,Directed,1006325,,6
58,401,Directed,1006338,,1
58,F,Directed,1006342,,10
58,402,Directed,1006352,,1
58,39,Directed,1006353,,1
58,403,Directed,1006366,,1
58,41,Directed,1006367,,1
58,404,Directed,1006380,,1
58,405,Directed,1006394,,1
58,4,Directed,1006405,,2
58,406,Directed,1006408,,1
58,407,Directed,1006422,,1
58,408,Directed,1006436,,1
58,409,Directed,1006450,,1
58,410,Directed,1006464,,1
58,411,Directed,1006478,,1
58,412,Directed,1006492,,1
58,413,Directed,1006506,,1
59,414,Directed,1006520,,1
59,2,Directed,1006521,,4
59,NA,Directed,1006522,,15
59,F,Directed,1006524,,4
59,TRUE,Directed,1006525,,11
59,FALSE,Directed,1006526,,31
59,1,Directed,1006531,,11
59,5,Directed,1006533,,4
59,415,Directed,1006534,,1
59,M,Directed,1006538,,3
59,416,Directed,1006548,,1
59,30,Directed,1006549,,1
59,417,Directed,1006562,,1
59,24,Directed,1006563,,1
59,418,Directed,1006576,,1
59,22,Directed,1006577,,1
59,3,Directed,1006589,,1
59,419,Directed,1006590,,1
59,45,Directed,1006591,,1
59,4,Directed,1006603,,2
59,420,Directed,1006604,,1
59,47,Directed,1006605,,1
60,421,Directed,1006618,,1
60,9,Directed,1006619,,1
60,NA,Directed,1006620,,18
60,F,Directed,1006622,,6
60,TRUE,Directed,1006623,,10
60,FALSE,Directed,1006624,,44
60,3,Directed,1006629,,7
60,1,Directed,1006630,,11
60,2,Directed,1006631,,6
60,422,Directed,1006632,,1
60,5,Directed,1006633,,2
60,M,Directed,1006636,,3
60,423,Directed,1006646,,1
60,13,Directed,1006647,,2
60,424,Directed,1006660,,1
60,11,Directed,1006661,,2
60,425,Directed,1006674,,1
60,426,Directed,1006688,,1
60,427,Directed,1006702,,1
60,34,Directed,1006703,,1
60,428,Directed,1006716,,1
60,38,Directed,1006717,,1
60,4,Directed,1006729,,2
60,429,Directed,1006730,,1
60,39,Directed,1006731,,1
61,430,Directed,1006744,,1
61,35,Directed,1006745,,1
61,NA,Directed,1006746,,7
61,F,Directed,1006748,,2
61,TRUE,Directed,1006749,,3
61,FALSE,Directed,1006750,,15
61,1,Directed,1006755,,4
61,5,Directed,1006757,,2
61,431,Directed,1006758,,1
61,33,Directed,1006759,,1
61,M,Directed,1006762,,1
61,432,Directed,1006772,,1
61,59,Directed,1006773,,1
61,2,Directed,1006783,,1
61,4,Directed,1006785,,1
62,433,Directed,1006786,,1
62,2,Directed,1006787,,1
62,NA,Directed,1006788,,12
62,F,Directed,1006790,,4
62,TRUE,Directed,1006791,,6
62,FALSE,Directed,1006792,,30
62,4,Directed,1006797,,5
62,1,Directed,1006798,,8
62,5,Directed,1006799,,6
62,434,Directed,1006800,,1
62,435,Directed,1006814,,1
62,27,Directed,1006815,,2
62,M,Directed,1006818,,2
62,436,Directed,1006828,,1
62,437,Directed,1006842,,1
62,32,Directed,1006843,,2
62,438,Directed,1006856,,1
63,439,Directed,1006870,,1
63,29,Directed,1006871,,1
63,NA,Directed,1006872,,2
63,F,Directed,1006874,,1
63,TRUE,Directed,1006875,,1
63,FALSE,Directed,1006876,,5
63,1,Directed,1006881,,2
63,5,Directed,1006883,,1
64,440,Directed,1006884,,1
64,30,Directed,1006885,,2
64,NA,Directed,1006886,,8
64,F,Directed,1006888,,2
64,TRUE,Directed,1006889,,6
64,FALSE,Directed,1006890,,18
64,1,Directed,1006895,,6
64,5,Directed,1006897,,2
64,441,Directed,1006898,,1
64,M,Directed,1006902,,2
64,442,Directed,1006912,,1
64,63,Directed,1006913,,1
64,2,Directed,1006923,,1
64,4,Directed,1006925,,2
64,443,Directed,1006926,,1
64,60,Directed,1006927,,1
64,3,Directed,1006937,,1
65,444,Directed,1006940,,1
65,35,Directed,1006941,,1
65,NA,Directed,1006942,,4
65,F,Directed,1006944,,1
65,TRUE,Directed,1006945,,2
65,FALSE,Directed,1006946,,10
65,1,Directed,1006951,,4
65,5,Directed,1006953,,2
65,445,Directed,1006954,,1
65,39,Directed,1006955,,1
65,M,Directed,1006958,,1
66,446,Directed,1006968,,1
66,2,Directed,1006969,,8
66,NA,Directed,1006970,,24
66,F,Directed,1006972,,6
66,TRUE,Directed,1006973,,11
66,FALSE,Directed,1006974,,55
66,1,Directed,1006979,,18
66,5,Directed,1006981,,4
66,447,Directed,1006982,,1
66,4,Directed,1006983,,1
66,448,Directed,1006996,,1
66,30,Directed,1006997,,1
66,449,Directed,1007010,,1
66,31,Directed,1007011,,1
66,M,Directed,1007014,,5
66,450,Directed,1007024,,1
66,29,Directed,1007025,,1
66,451,Directed,1007038,,1
66,26,Directed,1007039,,1
66,3,Directed,1007051,,4
66,452,Directed,1007052,,1
66,21,Directed,1007053,,1
66,453,Directed,1007066,,1
66,63,Directed,1007067,,1
66,454,Directed,1007080,,1
66,70,Directed,1007081,,1
66,455,Directed,1007094,,1
66,456,Directed,1007108,,1
67,457,Directed,1007122,,1
67,4,Directed,1007123,,1
67,NA,Directed,1007124,,6
67,M,Directed,1007126,,2
67,TRUE,Directed,1007127,,4
67,FALSE,Directed,1007128,,14
67,1,Directed,1007133,,6
67,5,Directed,1007135,,3
67,458,Directed,1007136,,1
67,33,Directed,1007137,,2
67,F,Directed,1007140,,1
67,459,Directed,1007150,,1
68,460,Directed,1007164,,1
68,2,Directed,1007165,,24
68,NA,Directed,1007166,,39
68,M,Directed,1007168,,7
68,TRUE,Directed,1007169,,19
68,FALSE,Directed,1007170,,95
68,1,Directed,1007175,,25
68,5,Directed,1007177,,4
68,461,Directed,1007178,,1
68,462,Directed,1007192,,1
68,4,Directed,1007193,,4
68,F,Directed,1007196,,12
68,463,Directed,1007206,,1
68,3,Directed,1007207,,4
68,464,Directed,1007220,,1
68,7,Directed,1007221,,1
68,465,Directed,1007234,,1
68,6,Directed,1007235,,1
68,466,Directed,1007248,,1
68,30,Directed,1007249,,3
68,467,Directed,1007262,,1
68,24,Directed,1007263,,3
68,468,Directed,1007276,,1
68,469,Directed,1007290,,1
68,21,Directed,1007291,,2
68,470,Directed,1007304,,1
68,35,Directed,1007305,,1
68,471,Directed,1007318,,1
68,31,Directed,1007319,,2
68,472,Directed,1007332,,1
68,473,Directed,1007346,,1
68,474,Directed,1007360,,1
68,475,Directed,1007374,,1
68,476,Directed,1007388,,1
68,477,Directed,1007402,,1
68,50,Directed,1007403,,1
68,478,Directed,1007416,,1
69,479,Directed,1007430,,1
69,1,Directed,1007431,,8
69,NA,Directed,1007432,,10
69,M,Directed,1007434,,3
69,TRUE,Directed,1007435,,5
69,FALSE,Directed,1007436,,25
69,5,Directed,1007443,,3
69,480,Directed,1007444,,1
69,3,Directed,1007455,,2
69,2,Directed,1007456,,2
69,4,Directed,1007457,,2
69,481,Directed,1007458,,1
69,36,Directed,1007459,,1
69,F,Directed,1007462,,2
69,482,Directed,1007472,,1
69,35,Directed,1007473,,1
69,483,Directed,1007486,,1
69,33,Directed,1007487,,1
70,484,Directed,1007500,,1
70,2,Directed,1007501,,3
70,NA,Directed,1007502,,16
70,F,Directed,1007504,,7
70,TRUE,Directed,1007505,,8
70,FALSE,Directed,1007506,,40
70,3,Directed,1007511,,2
70,1,Directed,1007512,,13
70,4,Directed,1007513,,5
70,485,Directed,1007514,,1
70,5,Directed,1007527,,3
70,486,Directed,1007528,,1
70,31,Directed,1007529,,2
70,487,Directed,1007542,,1
70,38,Directed,1007543,,1
70,M,Directed,1007546,,1
70,488,Directed,1007556,,1
70,489,Directed,1007570,,1
70,34,Directed,1007571,,1
70,490,Directed,1007584,,1
70,35,Directed,1007585,,1
70,491,Directed,1007598,,1
70,40,Directed,1007599,,1
71,492,Directed,1007612,,1
71,4,Directed,1007613,,2
71,NA,Directed,1007614,,9
71,M,Directed,1007616,,2
71,TRUE,Directed,1007617,,4
71,FALSE,Directed,1007618,,20
71,2,Directed,1007623,,2
71,1,Directed,1007624,,7
71,493,Directed,1007626,,1
71,31,Directed,1007627,,1
71,F,Directed,1007630,,2
71,5,Directed,1007639,,1
71,494,Directed,1007640,,1
71,39,Directed,1007641,,1
71,495,Directed,1007654,,1
71,38,Directed,1007655,,1
72,496,Directed,1007668,,1
72,4,Directed,1007669,,3
72,NA,Directed,1007670,,27
72,M,Directed,1007672,,7
72,FALSE,Directed,1007673,,51
72,TRUE,Directed,1007678,,15
72,2,Directed,1007679,,13
72,1,Directed,1007680,,11
72,3,Directed,1007681,,5
72,497,Directed,1007682,,1
72,24,Directed,1007683,,1
72,498,Directed,1007696,,1
72,27,Directed,1007697,,1
72,499,Directed,1007710,,1
72,26,Directed,1007711,,1
72,F,Directed,1007714,,4
72,5,Directed,1007723,,2
72,500,Directed,1007724,,1
72,25,Directed,1007725,,1
72,501,Directed,1007738,,1
72,57,Directed,1007739,,1
72,502,Directed,1007752,,1
72,503,Directed,1007766,,1
72,504,Directed,1007780,,1
72,505,Directed,1007794,,1
72,506,Directed,1007808,,1
73,507,Directed,1007822,,1
73,1,Directed,1007823,,9
73,NA,Directed,1007824,,14
73,F,Directed,1007826,,5
73,FALSE,Directed,1007827,,29
73,TRUE,Directed,1007831,,13
73,2,Directed,1007833,,5
73,3,Directed,1007835,,3
73,508,Directed,1007836,,1
73,33,Directed,1007837,,1
73,5,Directed,1007849,,2
73,509,Directed,1007850,,1
73,36,Directed,1007851,,1
73,M,Directed,1007854,,2
73,510,Directed,1007864,,1
73,39,Directed,1007865,,1
73,511,Directed,1007878,,1
73,34,Directed,1007879,,3
73,4,Directed,1007891,,3
73,512,Directed,1007892,,1
73,513,Directed,1007906,,1
74,514,Directed,1007920,,1
74,13,Directed,1007921,,1
74,NA,Directed,1007922,,15
74,M,Directed,1007924,,3
74,FALSE,Directed,1007925,,36
74,2,Directed,1007931,,6
74,3,Directed,1007933,,5
74,515,Directed,1007934,,1
74,22,Directed,1007935,,1
74,F,Directed,1007938,,4
74,TRUE,Directed,1007939,,6
74,1,Directed,1007945,,8
74,5,Directed,1007947,,2
74,516,Directed,1007948,,1
74,21,Directed,1007949,,1
74,517,Directed,1007962,,1
74,24,Directed,1007963,,1
74,518,Directed,1007976,,1
74,20,Directed,1007977,,1
74,519,Directed,1007990,,1
74,42,Directed,1007991,,1
74,520,Directed,1008004,,1
75,521,Directed,1008018,,1
75,4,Directed,1008019,,11
75,NA,Directed,1008020,,14
75,M,Directed,1008022,,4
75,FALSE,Directed,1008023,,35
75,TRUE,Directed,1008028,,7
75,2,Directed,1008030,,3
75,522,Directed,1008032,,1
75,30,Directed,1008033,,3
75,F,Directed,1008036,,3
75,1,Directed,1008043,,6
75,5,Directed,1008045,,2
75,523,Directed,1008046,,1
75,32,Directed,1008047,,1
75,524,Directed,1008060,,1
75,35,Directed,1008061,,1
75,525,Directed,1008074,,1
75,526,Directed,1008088,,1
75,527,Directed,1008102,,1
75,40,Directed,1008103,,1
76,528,Directed,1008116,,1
76,3,Directed,1008117,,4
76,NA,Directed,1008118,,24
76,F,Directed,1008120,,6
76,TRUE,Directed,1008121,,12
76,FALSE,Directed,1008122,,42
76,1,Directed,1008128,,10
76,4,Directed,1008129,,2
76,529,Directed,1008130,,1
76,24,Directed,1008131,,2
76,5,Directed,1008143,,4
76,530,Directed,1008144,,1
76,M,Directed,1008148,,2
76,531,Directed,1008158,,1
76,25,Directed,1008159,,1
76,532,Directed,1008172,,1
76,22,Directed,1008173,,1
76,2,Directed,1008183,,5
76,533,Directed,1008186,,1
76,30,Directed,1008187,,1
76,534,Directed,1008200,,1
76,535,Directed,1008214,,1
76,45,Directed,1008215,,1
76,536,Directed,1008228,,1
77,537,Directed,1008242,,1
77,10,Directed,1008243,,1
77,NA,Directed,1008244,,6
77,F,Directed,1008246,,2
77,TRUE,Directed,1008247,,3
77,FALSE,Directed,1008248,,15
77,2,Directed,1008253,,1
77,1,Directed,1008254,,5
77,5,Directed,1008255,,3
77,538,Directed,1008256,,1
77,35,Directed,1008257,,1
77,539,Directed,1008270,,1
77,37,Directed,1008271,,1
77,M,Directed,1008274,,1
78,540,Directed,1008284,,1
78,9,Directed,1008285,,1
78,NA,Directed,1008286,,10
78,M,Directed,1008288,,3
78,TRUE,Directed,1008289,,5
78,FALSE,Directed,1008290,,25
78,1,Directed,1008295,,9
78,5,Directed,1008297,,4
78,541,Directed,1008298,,1
78,41,Directed,1008299,,2
78,F,Directed,1008302,,2
78,542,Directed,1008312,,1
78,543,Directed,1008326,,1
78,65,Directed,1008327,,1
78,2,Directed,1008337,,2
78,544,Directed,1008340,,1
78,72,Directed,1008341,,1
79,545,Directed,1008354,,1
79,1,Directed,1008355,,11
79,NA,Directed,1008356,,11
79,TRUE,Directed,1008359,,5
79,FALSE,Directed,1008360,,25
79,4,Directed,1008367,,1
79,546,Directed,1008368,,1
79,6,Directed,1008369,,2
79,M,Directed,1008372,,2
79,5,Directed,1008381,,4
79,547,Directed,1008382,,1
79,F,Directed,1008386,,2
79,548,Directed,1008396,,1
79,38,Directed,1008397,,1
79,549,Directed,1008410,,1
79,39,Directed,1008411,,1
80,550,Directed,1008424,,1
80,NA,Directed,1008425,,7
80,FALSE,Directed,1008429,,6
81,551,Directed,1008438,,1
81,1,Directed,1008439,,12
81,NA,Directed,1008440,,12
81,M,Directed,1008442,,5
81,TRUE,Directed,1008443,,6
81,FALSE,Directed,1008444,,30
81,5,Directed,1008451,,5
81,552,Directed,1008452,,1
81,4,Directed,1008453,,2
81,553,Directed,1008466,,1
81,8,Directed,1008467,,1
81,554,Directed,1008480,,1
81,29,Directed,1008481,,1
81,F,Directed,1008484,,1
81,555,Directed,1008494,,1
81,36,Directed,1008495,,1
81,556,Directed,1008508,,1
81,31,Directed,1008509,,1
81,2,Directed,1008520,,1
82,557,Directed,1008522,,1
82,3,Directed,1008523,,1
82,NA,Directed,1008524,,11
82,F,Directed,1008526,,4
82,TRUE,Directed,1008527,,8
82,FALSE,Directed,1008528,,22
82,1,Directed,1008533,,8
82,5,Directed,1008535,,4
82,558,Directed,1008536,,1
82,30,Directed,1008537,,1
82,559,Directed,1008550,,1
82,32,Directed,1008551,,1
82,M,Directed,1008554,,1
82,560,Directed,1008564,,1
82,59,Directed,1008565,,1
82,2,Directed,1008575,,2
82,4,Directed,1008577,,1
82,561,Directed,1008578,,1
83,562,Directed,1008592,,1
83,30,Directed,1008593,,1
83,NA,Directed,1008594,,6
83,F,Directed,1008596,,2
83,TRUE,Directed,1008597,,3
83,FALSE,Directed,1008598,,15
83,1,Directed,1008603,,6
83,5,Directed,1008605,,1
83,563,Directed,1008606,,1
83,56,Directed,1008607,,1
83,3,Directed,1008619,,1
83,564,Directed,1008620,,1
83,46,Directed,1008621,,1
83,M,Directed,1008624,,1
83,4,Directed,1008633,,1
84,565,Directed,1008634,,1
84,1,Directed,1008635,,8
84,NA,Directed,1008636,,8
84,M,Directed,1008638,,2
84,TRUE,Directed,1008639,,4
84,FALSE,Directed,1008640,,20
84,5,Directed,1008647,,3
84,566,Directed,1008648,,1
84,30,Directed,1008649,,2
84,F,Directed,1008652,,2
84,567,Directed,1008662,,1
84,568,Directed,1008676,,1
84,52,Directed,1008677,,1
84,2,Directed,1008687,,1
84,4,Directed,1008689,,1
85,569,Directed,1008690,,1
85,53,Directed,1008691,,1
85,NA,Directed,1008692,,2
85,F,Directed,1008694,,1
85,FALSE,Directed,1008695,,5
85,TRUE,Directed,1008700,,1
85,2,Directed,1008701,,1
85,1,Directed,1008702,,1
85,4,Directed,1008703,,1
86,570,Directed,1008704,,1
86,31,Directed,1008705,,1
86,NA,Directed,1008706,,16
86,F,Directed,1008708,,5
86,TRUE,Directed,1008709,,6
86,FALSE,Directed,1008710,,30
86,1,Directed,1008715,,11
86,5,Directed,1008717,,6
86,571,Directed,1008718,,1
86,32,Directed,1008719,,1
86,M,Directed,1008722,,1
86,572,Directed,1008732,,1
86,573,Directed,1008746,,1
86,574,Directed,1008760,,1
86,575,Directed,1008774,,1
86,2,Directed,1008787,,1
87,576,Directed,1008788,,1
87,5,Directed,1008789,,4
87,NA,Directed,1008790,,10
87,F,Directed,1008792,,3
87,TRUE,Directed,1008793,,5
87,FALSE,Directed,1008794,,25
87,1,Directed,1008799,,8
87,577,Directed,1008802,,1
87,32,Directed,1008803,,1
87,578,Directed,1008816,,1
87,35,Directed,1008817,,1
87,M,Directed,1008820,,2
87,579,Directed,1008830,,1
87,55,Directed,1008831,,2
87,2,Directed,1008841,,3
87,3,Directed,1008843,,1
87,580,Directed,1008844,,1
88,581,Directed,1008858,,1
88,4,Directed,1008859,,8
88,NA,Directed,1008860,,14
88,M,Directed,1008862,,4
88,FALSE,Directed,1008863,,31
88,TRUE,Directed,1008868,,11
88,1,Directed,1008870,,9
88,5,Directed,1008871,,5
88,582,Directed,1008872,,1
88,31,Directed,1008873,,1
88,583,Directed,1008886,,1
88,38,Directed,1008887,,1
88,584,Directed,1008900,,1
88,35,Directed,1008901,,1
88,F,Directed,1008904,,3
88,585,Directed,1008914,,1
88,40,Directed,1008915,,1
88,586,Directed,1008928,,1
88,65,Directed,1008929,,1
88,587,Directed,1008942,,1
88,60,Directed,1008943,,1
89,588,Directed,1008956,,1
89,30,Directed,1008957,,1
89,NA,Directed,1008958,,5
89,F,Directed,1008960,,2
89,TRUE,Directed,1008961,,2
89,FALSE,Directed,1008962,,10
89,1,Directed,1008967,,3
89,5,Directed,1008969,,2
89,589,Directed,1008970,,1
89,2,Directed,1008982,,1
90,590,Directed,1008984,,1
90,5,Directed,1008985,,4
90,NA,Directed,1008986,,12
90,M,Directed,1008988,,3
90,TRUE,Directed,1008989,,6
90,FALSE,Directed,1008990,,30
90,1,Directed,1008995,,9
90,2,Directed,1008997,,6
90,591,Directed,1008998,,1
90,32,Directed,1008999,,1
90,F,Directed,1009002,,3
90,592,Directed,1009012,,1
90,33,Directed,1009013,,2
90,593,Directed,1009026,,1
90,594,Directed,1009040,,1
90,59,Directed,1009041,,1
90,595,Directed,1009054,,1
90,63,Directed,1009055,,1
91,596,Directed,1009068,,1
91,28,Directed,1009069,,1
91,NA,Directed,1009070,,10
91,F,Directed,1009072,,3
91,TRUE,Directed,1009073,,4
91,FALSE,Directed,1009074,,20
91,1,Directed,1009079,,7
91,5,Directed,1009081,,2
91,597,Directed,1009082,,1
91,36,Directed,1009083,,1
91,M,Directed,1009086,,1
91,4,Directed,1009095,,2
91,598,Directed,1009096,,1
91,3,Directed,1009109,,1
91,599,Directed,1009110,,1
92,600,Directed,1009124,,1
92,3,Directed,1009125,,2
92,NA,Directed,1009126,,10
92,M,Directed,1009128,,2
92,TRUE,Directed,1009129,,6
92,FALSE,Directed,1009130,,24
92,1,Directed,1009135,,8
92,5,Directed,1009137,,2
92,601,Directed,1009138,,1
92,28,Directed,1009139,,1
92,F,Directed,1009142,,3
92,602,Directed,1009152,,1
92,30,Directed,1009153,,1
92,4,Directed,1009165,,2
92,603,Directed,1009166,,1
92,26,Directed,1009167,,1
92,2,Directed,1009177,,2
92,604,Directed,1009180,,1
92,69,Directed,1009181,,1
93,605,Directed,1009194,,1
93,2,Directed,1009195,,8
93,NA,Directed,1009196,,35
93,M,Directed,1009198,,6
93,FALSE,Directed,1009199,,70
93,TRUE,Directed,1009204,,14
93,3,Directed,1009205,,12
93,606,Directed,1009208,,1
93,1,Directed,1009219,,18
93,5,Directed,1009221,,3
93,607,Directed,1009222,,1
93,38,Directed,1009223,,1
93,F,Directed,1009226,,8
93,608,Directed,1009236,,1
93,37,Directed,1009237,,1
93,609,Directed,1009250,,1
93,23,Directed,1009251,,1
93,4,Directed,1009261,,3
93,610,Directed,1009264,,1
93,65,Directed,1009265,,1
93,611,Directed,1009278,,1
93,69,Directed,1009279,,1
93,612,Directed,1009292,,1
93,613,Directed,1009306,,1
93,614,Directed,1009320,,1
93,615,Directed,1009334,,1
93,616,Directed,1009348,,1
93,617,Directed,1009362,,1
93,618,Directed,1009376,,1
94,619,Directed,1009390,,1
94,2,Directed,1009391,,2
94,NA,Directed,1009392,,18
94,M,Directed,1009394,,3
94,TRUE,Directed,1009395,,10
94,FALSE,Directed,1009396,,32
94,1,Directed,1009401,,9
94,5,Directed,1009403,,5
94,620,Directed,1009404,,1
94,32,Directed,1009405,,1
94,F,Directed,1009408,,4
94,621,Directed,1009418,,1
94,33,Directed,1009419,,1
94,622,Directed,1009432,,1
94,27,Directed,1009433,,1
94,4,Directed,1009443,,4
94,623,Directed,1009446,,1
94,35,Directed,1009447,,1
94,624,Directed,1009460,,1
94,625,Directed,1009474,,1
95,626,Directed,1009488,,1
95,20,Directed,1009489,,3
95,NA,Directed,1009490,,8
95,F,Directed,1009492,,3
95,TRUE,Directed,1009493,,4
95,FALSE,Directed,1009494,,20
95,1,Directed,1009499,,7
95,5,Directed,1009501,,2
95,627,Directed,1009502,,1
95,2,Directed,1009513,,1
95,628,Directed,1009516,,1
95,M,Directed,1009520,,1
95,3,Directed,1009529,,1
95,629,Directed,1009530,,1
95,30,Directed,1009531,,1
95,4,Directed,1009543,,1
96,630,Directed,1009544,,1
96,25,Directed,1009545,,1
96,NA,Directed,1009546,,8
96,F,Directed,1009548,,4
96,TRUE,Directed,1009549,,8
96,FALSE,Directed,1009550,,28
96,1,Directed,1009555,,9
96,5,Directed,1009557,,3
96,631,Directed,1009558,,1
96,26,Directed,1009559,,1
96,M,Directed,1009562,,2
96,632,Directed,1009572,,1
96,50,Directed,1009574,,3
96,60,Directed,1009575,,2
96,2,Directed,1009583,,3
96,633,Directed,1009586,,1
96,40,Directed,1009588,,1
96,3,Directed,1009599,,2
96,634,Directed,1009600,,1
96,20,Directed,1009602,,1
96,30,Directed,1009603,,1
96,4,Directed,1009613,,1
96,635,Directed,1009614,,1
97,636,Directed,1009628,,1
97,2,Directed,1009629,,8
97,NA,Directed,1009630,,29
97,M,Directed,1009632,,4
97,FALSE,Directed,1009633,,56
97,TRUE,Directed,1009637,,10
97,4,Directed,1009639,,6
97,3,Directed,1009641,,6
97,637,Directed,1009642,,1
97,638,Directed,1009656,,1
97,6,Directed,1009657,,1
97,F,Directed,1009660,,6
97,1,Directed,1009668,,9
97,639,Directed,1009670,,1
97,34,Directed,1009671,,1
97,5,Directed,1009683,,3
97,640,Directed,1009684,,1
97,33,Directed,1009685,,1
97,641,Directed,1009698,,1
97,45,Directed,1009699,,2
97,642,Directed,1009712,,1
97,643,Directed,1009726,,1
97,40,Directed,1009727,,1
97,644,Directed,1009740,,1
97,645,Directed,1009754,,1
97,646,Directed,1009768,,1
98,647,Directed,1009782,,1
98,16,Directed,1009783,,1
98,NA,Directed,1009784,,14
98,M,Directed,1009786,,2
98,TRUE,Directed,1009787,,7
98,FALSE,Directed,1009788,,35
98,1,Directed,1009793,,13
98,5,Directed,1009795,,4
98,648,Directed,1009796,,1
98,11,Directed,1009797,,1
98,F,Directed,1009800,,5
98,4,Directed,1009809,,2
98,649,Directed,1009810,,1
98,28,Directed,1009811,,1
98,2,Directed,1009821,,1
98,650,Directed,1009824,,1
98,21,Directed,1009825,,1
98,651,Directed,1009838,,1
98,26,Directed,1009839,,1
98,652,Directed,1009852,,1
98,33,Directed,1009853,,1
98,653,Directed,1009866,,1
98,30,Directed,1009867,,1
98,3,Directed,1009879,,1
99,654,Directed,1009880,,1
99,4,Directed,1009881,,10
99,NA,Directed,1009882,,19
99,M,Directed,1009884,,1
99,FALSE,Directed,1009885,,37
99,TRUE,Directed,1009890,,11
99,2,Directed,1009892,,8
99,1,Directed,1009893,,4
99,655,Directed,1009894,,1
99,31,Directed,1009895,,3
99,F,Directed,1009898,,7
99,5,Directed,1009907,,2
99,656,Directed,1009908,,1
99,657,Directed,1009922,,1
99,658,Directed,1009936,,1
99,60,Directed,1009937,,1
99,659,Directed,1009950,,1
99,3,Directed,1009963,,1
99,660,Directed,1009964,,1
99,661,Directed,1009978,,1
100,662,Directed,1009992,,1
100,41,Directed,1009993,,1
100,NA,Directed,1009994,,4
100,F,Directed,1009996,,1
100,TRUE,Directed,1009997,,2
100,FALSE,Directed,1009998,,4
100,2,Directed,1010004,,1
101,663,Directed,1010006,,1
101,3,Directed,1010007,,3
101,NA,Directed,1010008,,17
101,F,Directed,1010010,,5
101,TRUE,Directed,1010011,,14
101,FALSE,Directed,1010012,,34
101,4,Directed,1010017,,3
101,1,Directed,1010018,,9
101,5,Directed,1010019,,7
101,664,Directed,1010020,,1
101,34,Directed,1010021,,1
101,M,Directed,1010024,,3
101,665,Directed,1010034,,1
101,28,Directed,1010035,,1
101,666,Directed,1010048,,1
101,32,Directed,1010049,,1
101,2,Directed,1010060,,3
101,667,Directed,1010062,,1
101,30,Directed,1010063,,1
101,668,Directed,1010076,,1
101,36,Directed,1010077,,1
101,669,Directed,1010090,,1
101,33,Directed,1010091,,1
101,670,Directed,1010104,,1
102,671,Directed,1010118,,1
102,0,Directed,1010119,,2
102,NA,Directed,1010120,,19
102,M,Directed,1010122,,2
102,FALSE,Directed,1010123,,38
102,TRUE,Directed,1010128,,10
102,5,Directed,1010129,,4
102,2,Directed,1010130,,6
102,3,Directed,1010131,,4
102,672,Directed,1010132,,1
102,F,Directed,1010136,,6
102,4,Directed,1010145,,3
102,673,Directed,1010146,,1
102,28,Directed,1010147,,2
102,1,Directed,1010157,,7
102,674,Directed,1010160,,1
102,30,Directed,1010161,,1
102,675,Directed,1010174,,1
102,676,Directed,1010188,,1
102,677,Directed,1010202,,1
102,678,Directed,1010216,,1
103,679,Directed,1010230,,1
103,4,Directed,1010231,,10
103,NA,Directed,1010232,,27
103,F,Directed,1010234,,7
103,FALSE,Directed,1010235,,45
103,TRUE,Directed,1010239,,15
103,3,Directed,1010241,,3
103,1,Directed,1010242,,12
103,680,Directed,1010244,,1
103,6,Directed,1010245,,1
103,5,Directed,1010257,,3
103,681,Directed,1010258,,1
103,35,Directed,1010259,,2
103,682,Directed,1010272,,1
103,33,Directed,1010273,,1
103,M,Directed,1010276,,2
103,683,Directed,1010286,,1
103,684,Directed,1010300,,1
103,34,Directed,1010301,,1
103,685,Directed,1010314,,1
103,40,Directed,1010315,,1
103,686,Directed,1010328,,1
103,687,Directed,1010342,,1
103,688,Directed,1010356,,1
104,689,Directed,1010370,,1
104,4,Directed,1010371,,3
104,NA,Directed,1010372,,10
104,M,Directed,1010374,,2
104,TRUE,Directed,1010375,,4
104,FALSE,Directed,1010376,,20
104,1,Directed,1010381,,7
104,690,Directed,1010384,,1
104,36,Directed,1010385,,1
104,F,Directed,1010388,,1
104,5,Directed,1010397,,1
104,691,Directed,1010398,,1
104,38,Directed,1010399,,1
104,692,Directed,1010412,,1
104,2,Directed,1010423,,2
105,693,Directed,1010426,,1
105,4,Directed,1010427,,1
105,NA,Directed,1010428,,8
105,M,Directed,1010430,,2
105,TRUE,Directed,1010431,,4
105,FALSE,Directed,1010432,,20
105,1,Directed,1010437,,7
105,5,Directed,1010439,,4
105,694,Directed,1010440,,1
105,37,Directed,1010441,,1
105,F,Directed,1010444,,2
105,695,Directed,1010454,,1
105,38,Directed,1010455,,1
105,696,Directed,1010468,,1
105,63,Directed,1010469,,1
105,2,Directed,1010479,,1
106,697,Directed,1010482,,1
106,3,Directed,1010483,,2
106,NA,Directed,1010484,,14
106,M,Directed,1010486,,2
106,TRUE,Directed,1010487,,7
106,FALSE,Directed,1010488,,35
106,1,Directed,1010493,,10
106,698,Directed,1010496,,1
106,26,Directed,1010497,,1
106,F,Directed,1010500,,5
106,5,Directed,1010509,,2
106,699,Directed,1010510,,1
106,33,Directed,1010511,,1
106,4,Directed,1010523,,2
106,700,Directed,1010524,,1
106,31,Directed,1010525,,1
106,2,Directed,1010535,,6
106,701,Directed,1010538,,1
106,52,Directed,1010539,,1
106,702,Directed,1010552,,1
106,41,Directed,1010553,,1
106,703,Directed,1010566,,1
106,60,Directed,1010567,,1
107,704,Directed,1010580,,1
107,2,Directed,1010581,,3
107,NA,Directed,1010582,,12
107,F,Directed,1010584,,6
107,TRUE,Directed,1010585,,12
107,FALSE,Directed,1010586,,24
107,1,Directed,1010591,,8
107,5,Directed,1010593,,2
107,705,Directed,1010594,,1
107,31,Directed,1010595,,2
107,706,Directed,1010608,,1
107,4,Directed,1010621,,4
107,707,Directed,1010622,,1
107,28,Directed,1010623,,2
107,708,Directed,1010636,,1
107,3,Directed,1010647,,2
107,709,Directed,1010650,,1
107,82,Directed,1010651,,1
108,710,Directed,1010664,,1
108,2,Directed,1010665,,1
108,NA,Directed,1010666,,8
108,F,Directed,1010668,,2
108,TRUE,Directed,1010669,,4
108,FALSE,Directed,1010670,,20
108,1,Directed,1010675,,7
108,5,Directed,1010677,,4
108,711,Directed,1010678,,1
108,29,Directed,1010679,,3
108,712,Directed,1010692,,1
108,M,Directed,1010696,,2
108,713,Directed,1010706,,1
108,4,Directed,1010717,,1
109,714,Directed,1010720,,1
109,11,Directed,1010721,,1
109,NA,Directed,1010722,,18
109,M,Directed,1010724,,6
109,TRUE,Directed,1010725,,11
109,FALSE,Directed,1010726,,43
109,1,Directed,1010731,,9
109,4,Directed,1010733,,2
109,715,Directed,1010734,,1
109,29,Directed,1010735,,1
109,F,Directed,1010738,,3
109,2,Directed,1010745,,8
109,5,Directed,1010747,,4
109,716,Directed,1010748,,1
109,21,Directed,1010749,,1
109,717,Directed,1010762,,1
109,34,Directed,1010763,,1
109,718,Directed,1010776,,1
109,32,Directed,1010777,,1
109,3,Directed,1010789,,4
109,719,Directed,1010790,,1
109,37,Directed,1010791,,1
109,720,Directed,1010804,,1
109,57,Directed,1010805,,1
109,721,Directed,1010818,,1
109,40,Directed,1010819,,1
109,722,Directed,1010832,,1
109,62,Directed,1010833,,1
110,723,Directed,1010846,,1
110,29,Directed,1010847,,1
110,NA,Directed,1010848,,5
110,F,Directed,1010850,,2
110,TRUE,Directed,1010851,,2
110,FALSE,Directed,1010852,,10
110,1,Directed,1010857,,4
110,5,Directed,1010859,,1
110,724,Directed,1010860,,1
110,4,Directed,1010871,,1
111,725,Directed,1010874,,1
111,33,Directed,1010875,,1
111,NA,Directed,1010876,,4
111,F,Directed,1010878,,1
111,TRUE,Directed,1010879,,2
111,FALSE,Directed,1010880,,10
111,1,Directed,1010885,,4
111,5,Directed,1010887,,2
111,726,Directed,1010888,,1
111,37,Directed,1010889,,1
111,M,Directed,1010892,,1
112,727,Directed,1010902,,1
112,26,Directed,1010903,,2
112,NA,Directed,1010904,,22
112,F,Directed,1010906,,6
112,TRUE,Directed,1010907,,15
112,FALSE,Directed,1010908,,39
112,1,Directed,1010913,,12
112,5,Directed,1010915,,6
112,728,Directed,1010916,,1
112,M,Directed,1010920,,3
112,729,Directed,1010930,,1
112,24,Directed,1010931,,1
112,3,Directed,1010941,,3
112,4,Directed,1010943,,3
112,730,Directed,1010944,,1
112,60,Directed,1010945,,1
112,731,Directed,1010958,,1
112,58,Directed,1010959,,1
112,732,Directed,1010972,,1
112,733,Directed,1010986,,1
112,2,Directed,1010998,,3
112,734,Directed,1011000,,1
112,735,Directed,1011014,,1
113,736,Directed,1011028,,1
113,35,Directed,1011029,,1
113,NA,Directed,1011030,,4
113,F,Directed,1011032,,2
113,TRUE,Directed,1011033,,3
113,FALSE,Directed,1011034,,9
113,1,Directed,1011039,,3
113,5,Directed,1011041,,1
113,737,Directed,1011042,,1
113,65,Directed,1011043,,1
113,2,Directed,1011053,,1
113,4,Directed,1011055,,1
114,738,Directed,1011056,,1
114,1,Directed,1011057,,13
114,NA,Directed,1011058,,28
114,M,Directed,1011060,,5
114,TRUE,Directed,1011061,,14
114,FALSE,Directed,1011062,,58
114,5,Directed,1011069,,8
114,739,Directed,1011070,,1
114,4,Directed,1011071,,8
114,F,Directed,1011074,,7
114,740,Directed,1011084,,1
114,741,Directed,1011098,,1
114,7,Directed,1011099,,1
114,2,Directed,1011109,,8
114,742,Directed,1011112,,1
114,6,Directed,1011113,,1
114,743,Directed,1011126,,1
114,31,Directed,1011127,,1
114,744,Directed,1011140,,1
114,36,Directed,1011141,,1
114,745,Directed,1011154,,1
114,55,Directed,1011155,,1
114,746,Directed,1011168,,1
114,747,Directed,1011182,,1
114,3,Directed,1011195,,2
114,748,Directed,1011196,,1
114,749,Directed,1011210,,1
115,750,Directed,1011224,,1
115,19,Directed,1011225,,1
115,NA,Directed,1011226,,20
115,M,Directed,1011228,,4
115,TRUE,Directed,1011229,,12
115,FALSE,Directed,1011230,,48
115,1,Directed,1011235,,16
115,5,Directed,1011237,,4
115,751,Directed,1011238,,1
115,26,Directed,1011239,,1
115,F,Directed,1011242,,6
115,752,Directed,1011252,,1
115,24,Directed,1011253,,1
115,753,Directed,1011266,,1
115,76,Directed,1011267,,1
115,2,Directed,1011277,,2
115,4,Directed,1011279,,2
115,754,Directed,1011280,,1
115,83,Directed,1011281,,1
115,755,Directed,1011294,,1
115,50,Directed,1011295,,1
115,756,Directed,1011308,,1
115,46,Directed,1011309,,1
115,3,Directed,1011321,,6
115,757,Directed,1011322,,1
115,44,Directed,1011323,,1
115,758,Directed,1011336,,1
115,54,Directed,1011337,,1
115,759,Directed,1011350,,1
115,60,Directed,1011351,,1
116,760,Directed,1011364,,1
116,37,Directed,1011365,,1
116,NA,Directed,1011366,,4
116,F,Directed,1011368,,1
116,TRUE,Directed,1011369,,2
116,FALSE,Directed,1011370,,10
116,1,Directed,1011375,,4
116,5,Directed,1011377,,2
116,761,Directed,1011378,,1
116,43,Directed,1011379,,1
116,M,Directed,1011382,,1
